fold,log_loss,auc,n_val
2016,0.99395316431565,0.6224661257067414,966
2017,1.2572200463407723,0.620475113122172,884
2018,1.4615761810239623,0.5933568494538488,932
2019,1.8110783184056778,0.6116421219191891,998
2020,1.6418728568375511,0.6253397148228247,874
2021,1.0004031030504794,0.6073807821144945,978
2022,1.0021457583642206,0.6476059576776555,994
2023,1.1208232051503013,0.6482098725286161,992
2024,0.799588659308683,0.6282108541593382,1006
2025,0.8290771633164838,0.6771003634862939,1004
