fold,log_loss,auc,n_val
2016,0.9384640379084632,0.6610556005641072,966
2017,0.6641745796656882,0.6354036567637846,884
2018,0.6670857556447027,0.6230935364438467,932
2019,0.673547919782437,0.6187926956116642,998
2020,0.9811958756734354,0.6479428598358896,874
2021,0.7449339616575917,0.6197239054704522,978
2022,0.6407369844600456,0.6690646899505686,994
2023,0.7170700473560744,0.6707246683142559,992
2024,0.6764770602292701,0.6709445118553095,1006
2025,0.628583769754038,0.6973480579673338,1004
