fold,log_loss,auc,n_val
2016,0.670098908401135,0.619021899875262,966
2017,0.6707476265540625,0.6166617186380294,884
2018,0.7655304326420741,0.5371092670706773,932
2019,0.7829959805453761,0.6052646374914157,998
2020,0.7077939065555667,0.6147411359958946,874
2021,0.717621922606817,0.5995834744752656,978
2022,0.659633694849206,0.6380678436818091,994
2023,0.7735622212344572,0.6270831978407907,992
2024,0.6612283677923035,0.633412250157109,1006
2025,0.639652989935269,0.68299114299773,1004
