fold,log_loss,auc,n_val
2016,1.4248650159953187,0.6316778759392857,966
2017,1.116413140000663,0.6200297905448292,884
2018,1.3786450733049582,0.6048025382674207,932
2019,1.3209563412122558,0.604379098879121,998
2020,1.117154277776893,0.6362865177070622,874
2021,1.3467754571144763,0.6070692243675796,978
2022,1.0711418783089133,0.6462335380492208,994
2023,1.296978352912183,0.6381861342351716,992
2024,1.2240334184039143,0.6349438162278812,1006
2025,1.032414258156785,0.6791995365152933,1004
