fold,log_loss,auc,n_val
2016,0.804335283617977,0.6521567669285736,966
2017,0.6673814286379722,0.6226198276038574,884
2018,0.7101568976498238,0.6094927149146235,932
2019,0.6750575210552634,0.6165015401544572,998
2020,0.7131015557453326,0.6439369740638532,874
2021,0.6702693488575907,0.6302374111851322,978
2022,0.64409363032798,0.6653057176054314,994
2023,0.7893505891727736,0.6584144933662851,992
2024,0.7786010849647387,0.6581406195036541,1006
2025,0.6310699828574127,0.6985226424977382,1004
