fold,log_loss,auc,n_val
2016,0.8326913673315468,0.6556952963920288,966
2017,0.6743437889069017,0.6125207305337729,884
2018,0.6727186562748081,0.6085210631988064,932
2019,0.7115842880666337,0.600897185151867,998
2020,0.7377047921568225,0.6443925453869478,874
2021,0.6692172574644176,0.6204745714512736,978
2022,0.6520120422873654,0.651980292216073,994
2023,0.7190339639940045,0.6525347944849115,992
2024,0.6470133440306519,0.6539826646482931,1006
2025,0.6366142331069552,0.6895882605038015,1004
