fold,log_loss,auc,n_val
2016,0.876953758399271,0.6585758436960165,966
2017,0.6708635629839141,0.6220772506705432,884
2018,0.744718976243608,0.622271546722172,932
2019,0.6773824774798948,0.6157826675394878,998
2020,0.7147563566426105,0.6384544088307527,874
2021,0.6715728001919448,0.6301642264794811,978
2022,0.6430647624911552,0.6646822585411868,994
2023,0.8163316864116595,0.6656071149843912,992
2024,0.7160563423827538,0.653225774577189,1006
2025,0.6290377571693159,0.6979472548054794,1004
