{
  "quantiles": [
    0.1,
    0.25,
    0.5,
    0.75,
    0.9
  ],
  "targets": [
    "total_sig_strikes_combined",
    "total_sig_strikes_a",
    "total_sig_strikes_b",
    "total_takedowns_combined",
    "total_takedowns_a",
    "total_takedowns_b",
    "total_knockdowns_combined"
  ],
  "pinball_by_target": {
    "total_sig_strikes_combined": {
      "q10": 7.740335949523858,
      "q25": 16.302693630520004,
      "q50": 23.55972459253341,
      "q75": 20.631763552395515,
      "q90": 12.425303571088184
    },
    "total_sig_strikes_a": {
      "q10": 4.030148229355606,
      "q25": 8.664057321357218,
      "q50": 12.624199589330964,
      "q75": 11.245681794900618,
      "q90": 6.963908686340216
    },
    "total_sig_strikes_b": {
      "q10": 4.028209669155364,
      "q25": 8.65315556993126,
      "q50": 12.625581276905697,
      "q75": 11.281315741286644,
      "q90": 6.986418472720501
    },
    "total_takedowns_combined": {
      "q10": 0.21755102040816326,
      "q25": 0.522905242450397,
      "q50": 0.8282064591196464,
      "q75": 0.7961664319106605,
      "q90": 0.5039919689192225
    },
    "total_takedowns_a": {
      "q10": 0.10873469387755101,
      "q25": 0.271781387755102,
      "q50": 0.495321863019609,
      "q75": 0.5407907204857421,
      "q90": 0.38363269078211987
    },
    "total_takedowns_b": {
      "q10": 0.10881632653061225,
      "q25": 0.27224891428571424,
      "q50": 0.49821353789083256,
      "q75": 0.540112793021211,
      "q90": 0.38321298396708603
    },
    "total_knockdowns_combined": {
      "q10": 0.0010612244897959184,
      "q25": 0.002653061224489796,
      "q50": 0.005306122448979592,
      "q75": 0.007959183673469388,
      "q90": 0.009551020408163264
    }
  },
  "monotone_post": {
    "total_sig_strikes_combined": 1.0,
    "total_sig_strikes_a": 1.0,
    "total_sig_strikes_b": 1.0,
    "total_takedowns_combined": 1.0,
    "total_takedowns_a": 1.0,
    "total_takedowns_b": 1.0,
    "total_knockdowns_combined": 1.0
  }
}